author_category,mean_per_pub,sd
Fed,3.4276370124587827,3.806373582244247
NonFed,5.8895372304202125,11.233743440127787
Total,9.317174242878995,12.407629369666736
