DT,n,perc
article,406236,86.97353772373042
review,34347,7.353558276954697
book chapter,16763,3.5888926950415345
note,8901,1.9056692643658475
data paper,833,0.1783420399075105
