author_category,mean_per_pub,sd
focal,3.025795855406712,3.133219659293761
nonFocal,5.531395176247172,10.483217746337564
Total,8.557191031653884,10.980705193310747
