author_category,mean_per_pub,sd
focal,2.9644375648782124,3.0854926796658884
nonFocal,5.361425380880981,10.293853513209829
Total,8.325862945759193,10.804849437575033
