DT,n,perc
article,599075,80.85937763620535
review,76039,10.263266228901921
book chapter,41355,5.581837937061757
note,23825,3.215748732934261
data paper,591,0.07976946489671136
