author_category,mean_per_pub,sd
focal,3.0391462263754665,3.151458408911588
nonFocal,5.55664007258532,10.537740617530568
Total,8.595786298960787,11.04419101194545
