author_category,mean_per_pub,sd
focal,2.9781566513149422,3.1046978847874365
nonFocal,5.389671373968272,10.349606450513436
Total,8.367828025283215,10.868240796756423
