DT,n,perc
article,593681,80.84750286658986
review,75331,10.25857866167703
book chapter,41257,5.618379947761336
note,23460,3.1947837597130415
data paper,593,0.08075476425873118
