DT,n,perc
article,672491,81.0827984007485
review,85156,10.26732964547353
book chapter,44874,5.410495449656856
note,26169,3.1552180644041146
data paper,698,0.08415843971699614
