author_category,mean_per_pub,sd
Fed,3.4167953933118493,3.7941842230487697
NonFed,5.909072851180728,11.288131617112775
Total,9.325868244492577,12.449626424642457
