author_category,mean_per_pub,sd
Fed,1.1720094978089939,2.7011155654827057
NonFed,7.551875760831321,11.118980234954712
Total,8.7238852586403155,11.521433422009977
