author_category,mean_per_pub,sd
Fed,3.4167932801521474,3.794182505861845
NonFed,5.90907496434043,11.288133974160402
Total,9.325868244492577,12.449626424641188
