author_category,mean_per_pub,sd
focal,3.0240219200887903,3.1296394761520734
nonFocal,5.532530521642619,10.483944117739828
Total,8.556552441731409,10.97947695136699
