author_category,mean_per_pub,sd
Fed,3.4167953933118493,3.794184223048152
NonFed,5.909072851180728,11.28813161711036
Total,9.325868244492577,12.449626424641187
