author_category,mean_per_pub,sd
focal,3.0240219200887903,3.129639476159495
nonFocal,5.532530521642619,10.483944117754222
Total,8.556552441731409,10.979476951347078
