author_category,mean_per_pub,sd
Fed,3.46442992341847,3.8300063556179165
NonFed,6.014365322099335,11.40619644758006
Total,9.478795245517805,12.56945041955294
