author_category,mean_per_pub,sd
Fed,4.388048946651295,3.598433769273794
NonFed,0,0
Total,4.388048946651295,3.598433769273794
