author_category,mean_per_pub,sd
Fed,3.4276328726405625,3.8063724159356362
NonFed,5.889541370238433,11.233742006765874
Total,9.317174242878995,12.407629369666736
