DT,n,perc
article,397649,86.93282555894898
review,33735,7.3750439966682775
book chapter,16475,3.601714831632129
note,8755,1.9139917056715805
data paper,807,0.1764239070790366
