DT,n,perc
article,599008,80.85961123110151
review,76032,10.263498920086393
book chapter,41351,5.581938444924406
note,23818,3.2151727861771056
data paper,591,0.07977861771058314
