author_category,mean_per_pub,sd
Focal,2.702332057285535,3.174160492605495
NonFocal,6.224293740971017,11.34331161664917
Total,8.926625798256552,11.693316695648004
