author_category,mean_per_pub,sd
Fed,3.417001234025289,3.7943464721750044
NonFed,5.9087201636351345,11.287752515863163
Total,9.325721397660423,12.449361135219101
