DT,n,perc
article,397661,86.93316835470986
review,33735,7.374850524557695
book chapter,16475,3.601620346586276
note,8755,1.913941495257229
data paper,807,0.1764192788889302
